GROUP,PACKAGE,CLASS,INSTRUCTION_MISSED,INSTRUCTION_COVERED,BRANCH_MISSED,BRANCH_COVERED,LINE_MISSED,LINE_COVERED,COMPLEXITY_MISSED,COMPLEXITY_COVERED,METHOD_MISSED,METHOD_COVERED
enterprise-day-news,org.example.enterprisedaynews.security,UploadAccessInterceptor,5,60,1,7,2,14,1,4,0,1
enterprise-day-news,org.example.enterprisedaynews.security,SigningSecret,0,83,0,8,0,20,0,10,0,6
enterprise-day-news,org.example.enterprisedaynews.security,JwtProvider,0,74,0,0,0,25,0,7,0,7
enterprise-day-news,org.example.enterprisedaynews.security,UploadUrlSigner,7,135,3,17,2,32,3,14,0,7
enterprise-day-news,org.example.enterprisedaynews.security,JwtAuthenticationFilter,0,79,4,12,0,16,4,5,0,1
enterprise-day-news,org.example.enterprisedaynews.dto,ApiTimes,0,9,0,2,0,1,0,2,0,1
enterprise-day-news,org.example.enterprisedaynews.dto,ImageView,0,98,0,0,0,19,0,2,0,2
enterprise-day-news,org.example.enterprisedaynews.dto,UpdatePasswordRequest,0,6,0,0,0,1,0,1,0,1
enterprise-day-news,org.example.enterprisedaynews.dto,CreateAccountRequest,0,9,0,0,0,1,0,1,0,1
enterprise-day-news,org.example.enterprisedaynews.dto,AccountView,7,72,4,4,0,14,3,3,0,2
enterprise-day-news,org.example.enterprisedaynews.config,PasswordEncoderConfig,0,7,0,0,0,2,0,2,0,2
enterprise-day-news,org.example.enterprisedaynews.config,SecurityConfig,1,167,1,3,0,26,1,8,0,7
enterprise-day-news,org.example.enterprisedaynews.config,StartupSeeder,0,13,0,0,0,4,0,1,0,1
enterprise-day-news,org.example.enterprisedaynews.config,WebConfig,0,45,0,0,0,7,0,2,0,2
enterprise-day-news,org.example.enterprisedaynews.controller,AccountManagementController,0,52,0,0,0,10,0,6,0,6
enterprise-day-news,org.example.enterprisedaynews.controller,ImageViews,0,14,0,0,0,2,0,2,0,2
enterprise-day-news,org.example.enterprisedaynews.controller,StudentController,0,50,0,0,0,9,0,4,0,4
enterprise-day-news,org.example.enterprisedaynews.controller,ProjectorController,0,17,0,0,0,3,0,3,0,3
enterprise-day-news,org.example.enterprisedaynews.controller,StaffController,0,120,0,0,0,20,0,13,0,13
enterprise-day-news,org.example.enterprisedaynews.controller,ApiExceptionHandler,1,18,1,1,0,5,1,2,0,2
enterprise-day-news,org.example.enterprisedaynews.controller,StaffAccountController,0,4,0,0,0,2,0,1,0,1
enterprise-day-news,org.example.enterprisedaynews.controller,StudentAccountController,0,4,0,0,0,2,0,1,0,1
enterprise-day-news,org.example.enterprisedaynews.controller,AuthController,0,93,3,11,0,16,3,5,0,1
enterprise-day-news,org.example.enterprisedaynews.controller,ControllerSupport,2,29,2,10,0,7,2,6,0,2
enterprise-day-news,org.example.enterprisedaynews,EnterpriseDayNewsApplication,5,3,0,0,2,1,1,1,1,1
enterprise-day-news,org.example.enterprisedaynews.service,LoginGuard,7,207,6,26,3,47,6,22,0,12
enterprise-day-news,org.example.enterprisedaynews.service,StaffAccountService,0,75,1,11,0,17,1,11,0,6
enterprise-day-news,org.example.enterprisedaynews.service,ImageNotFoundException,0,5,0,0,0,2,0,1,0,1
enterprise-day-news,org.example.enterprisedaynews.service,StudentAccountService,0,83,0,8,0,18,0,8,0,4
enterprise-day-news,org.example.enterprisedaynews.service,ImageService,103,468,8,40,30,111,13,40,5,23
enterprise-day-news,org.example.enterprisedaynews.service,PasswordPolicy,12,160,4,16,2,22,4,11,0,5
enterprise-day-news,org.example.enterprisedaynews.service,AccountService,0,220,0,10,0,50,0,19,0,14
enterprise-day-news,org.example.enterprisedaynews.service,ImageStateMachine,0,54,0,6,0,11,0,6,0,3
enterprise-day-news,org.example.enterprisedaynews.service,DisplaySettingsService,0,66,0,4,0,11,0,7,0,5
enterprise-day-news,org.example.enterprisedaynews.model,ImageMetadata.ApprovalStatus,0,21,0,0,0,2,0,1,0,1
enterprise-day-news,org.example.enterprisedaynews.model,DisplaySettings,0,11,0,0,0,6,0,1,0,1
